ego_vehicle,route_length,pedestrians,npc_vehicles,outside_route_lanes,carla_version,completion_score,simulation_time,driving_score,system_time,infraction,weather
vehicle.bmw.isetta,83.59873826094632,0,120,0,10,100.0,35.700000531971455,100.0,359.46009731292725,none,0
vehicle.bmw.isetta,326.46289454712144,0,120,0,10,100.0,129.9500019364059,100.0,1021.2642138004304,none,0
vehicle.bmw.isetta,310.51499937633105,0,120,0,10,100.0,83.40000124275684,100.0,564.356910943985,none,0
vehicle.bmw.isetta,334.39002329383925,0,120,0,10,100.0,145.30000216513872,100.0,1432.5382030010223,none,0
vehicle.bmw.isetta,78.99352533935645,0,120,0,10,100.0,47.000000700354576,100.0,502.5202167034149,none,0
vehicle.bmw.isetta,316.4820829944565,0,120,0,10,100.0,85.30000127106905,100.0,534.883131980896,none,0
vehicle.bmw.isetta,83.59873826094632,0,120,0,10,100.0,80.0000011920929,100.0,588.1721968650818,none,0
vehicle.bmw.isetta,326.46289454712144,0,120,0,10,100.0,68.00000101327896,100.0,526.8601353168488,none,0
vehicle.bmw.isetta,310.51499937633105,0,120,0,10,100.0,62.05000092461705,100.0,561.8471884727478,none,0
vehicle.bmw.isetta,334.39002329383925,0,120,0,10,100.0,61.05000090971589,100.0,482.2902073860169,none,0
vehicle.bmw.isetta,78.99352533935645,0,120,0,10,100.0,46.65000069513917,100.0,345.6922585964203,none,0
vehicle.bmw.isetta,316.4820829944565,0,120,0,10,100.0,64.95000096783042,100.0,483.6880114078522,none,0
vehicle.bmw.isetta,61.94757622419835,0,120,0,10,100.0,42.05000062659383,100.0,259.4666368961334,none,0
vehicle.bmw.isetta,55.71251834771494,0,120,0,10,100.0,15.800000235438349,100.0,193.66122317314148,none,0
vehicle.bmw.isetta,55.41121556217197,0,120,0,10,100.0,28.90000043064356,100.0,271.28030371665955,none,0
vehicle.bmw.isetta,61.58523811688995,0,120,0,10,100.0,39.90000059455633,100.0,371.528284072876,none,0
vehicle.bmw.isetta,60.85623744415566,0,120,0,10,100.0,27.60000041127205,100.0,186.38809418678284,none,0
vehicle.bmw.isetta,60.57136272504224,0,120,0,10,100.0,28.90000043064356,100.0,258.42795753479004,none,0
vehicle.bmw.isetta,61.68555879782448,0,120,0,10,100.0,43.10000064224005,100.0,310.15986800193787,none,0
vehicle.bmw.isetta,55.41616043336074,0,120,0,10,100.0,34.650000516325235,100.0,261.42011189460754,none,0
vehicle.bmw.isetta,55.295861513545525,0,120,0,10,100.0,15.050000224262476,100.0,184.1269018650055,none,0
vehicle.bmw.isetta,61.00178018503786,0,120,0,10,100.0,43.10000064224005,100.0,318.26192140579224,none,0
vehicle.bmw.isetta,60.83781726315381,0,120,0,10,100.0,40.95000061020255,100.0,298.68795800209045,none,0
vehicle.bmw.isetta,60.92792055053716,0,120,0,10,100.0,28.8500004298985,100.0,235.26396131515503,none,0
vehicle.bmw.isetta,55.24653262480497,0,120,0,10,100.0,24.850000370293856,100.0,144.33233976364136,none,0
vehicle.bmw.isetta,55.59823106089415,0,120,0,10,100.0,28.700000427663326,100.0,208.4685251712799,none,0
vehicle.bmw.isetta,60.90306747539447,0,120,0,10,100.0,48.95000072941184,100.0,375.9205276966095,none,0
vehicle.bmw.isetta,60.69758307301105,0,120,0,10,100.0,43.15000064298511,100.0,269.8802797794342,none,0
vehicle.bmw.isetta,55.94493792555948,0,120,0,10,100.0,27.750000413507223,100.0,218.8272469043732,none,0
vehicle.bmw.isetta,61.09374739316211,0,120,0,10,100.0,25.600000381469727,100.0,211.4040870666504,none,0
vehicle.bmw.isetta,60.92802203945554,0,120,0,10,100.0,48.300000719726086,100.0,312.4144098758697,none,0
vehicle.bmw.isetta,60.41447692826555,0,120,0,10,100.0,25.850000385195017,100.0,256.81611680984497,none,0
vehicle.bmw.isetta,61.067938290835365,0,120,0,10,100.0,43.70000065118074,100.0,370.579687833786,none,0
vehicle.bmw.isetta,61.26539929186665,0,120,0,10,100.0,28.700000427663326,100.0,200.44035124778748,none,0
vehicle.bmw.isetta,54.91447760482357,0,120,0,10,100.0,38.05000056698918,100.0,294.81639885902405,none,0
vehicle.bmw.isetta,55.9272196240984,0,120,0,10,100.0,27.05000040307641,100.0,181.7520062923432,none,0
vehicle.bmw.isetta,55.25090884695793,0,120,0,10,100.0,54.65000081434846,100.0,595.2362515926361,none,0
vehicle.bmw.isetta,61.59830038671384,0,120,0,10,100.0,40.05000059679151,100.0,279.9044260978699,none,0
vehicle.bmw.isetta,55.2693469423156,0,120,0,10,100.0,15.900000236928465,100.0,174.77581143379211,none,0
vehicle.bmw.isetta,60.901017691577785,0,120,0,10,100.0,29.40000043809414,100.0,243.93604111671448,none,0
vehicle.bmw.isetta,55.04141645760018,0,120,0,10,100.0,23.300000347197056,100.0,232.88823986053467,none,0
vehicle.bmw.isetta,54.75607184336737,0,120,0,10,100.0,17.450000260025263,100.0,142.34372067451477,none,0
vehicle.bmw.isetta,61.25325971366519,0,120,0,10,100.0,43.35000064596534,100.0,298.51218485832214,none,0
vehicle.bmw.isetta,60.91089740578979,0,120,0,10,100.0,34.85000051930547,100.0,197.35120844841003,none,0
vehicle.bmw.isetta,55.1791221263788,0,120,0,10,100.0,26.50000039488077,100.0,174.62026238441467,none,0
vehicle.bmw.isetta,56.02666298657788,0,120,0,10,100.0,25.25000037625432,100.0,179.9719774723053,none,0
vehicle.bmw.isetta,61.75131111908178,0,120,0,10,100.0,39.00000058114529,100.0,260.9719750881195,none,0
vehicle.bmw.isetta,55.61009969298386,0,120,0,10,100.0,13.350000198930502,100.0,95.18052458763124,none,0
vehicle.bmw.isetta,56.290417613840575,0,120,0,10,100.0,24.70000036805868,100.0,157.78819727897644,none,0
vehicle.bmw.isetta,60.95337258060778,0,120,0,10,100.0,37.80000056326389,100.0,350.38442635536194,none,0
vehicle.bmw.isetta,61.16392023319401,0,120,0,10,100.0,27.10000040382147,100.0,157.44827818870544,none,0
vehicle.bmw.isetta,55.43311785764707,0,120,0,10,100.0,18.30000027269125,100.0,128.68436336517334,none,0
vehicle.bmw.isetta,55.2446401601069,0,120,0,10,100.0,14.150000210851433,100.0,167.9843816757202,none,0
vehicle.bmw.isetta,55.507802941520346,0,120,0,10,100.0,16.100000239908695,100.0,104.15614795684814,none,0
vehicle.bmw.isetta,61.367142631099526,0,120,0,10,100.0,28.80000042915344,100.0,195.28429245948792,none,0
vehicle.bmw.isetta,55.34447144880457,0,120,0,10,100.0,39.25000058487058,100.0,343.3681101799011,none,0
vehicle.bmw.isetta,55.27290728705631,0,120,0,10,100.0,26.85000040009617,100.0,168.62863516807556,none,0
vehicle.bmw.isetta,55.19927747263407,0,120,0,10,100.0,18.650000277906656,100.0,140.96434116363525,none,0
vehicle.bmw.isetta,56.094386897300026,0,120,0,10,100.0,27.85000041499734,100.0,219.7725329399109,none,0
vehicle.bmw.isetta,61.06920292504007,0,120,0,10,100.0,40.60000060498714,100.0,319.14836525917053,none,0
vehicle.bmw.isetta,82.60001775936934,0,120,0,10,100.0,22.35000033304096,100.0,173.32387566566467,none,0
vehicle.bmw.isetta,83.11998033178662,0,120,0,10,100.0,25.55000038072467,100.0,183.82021474838257,none,0
vehicle.bmw.isetta,83.51000974305987,0,120,0,10,100.0,28.550000425428152,100.0,223.3520474433899,none,0
vehicle.bmw.isetta,82.18000091524995,0,120,0,10,100.0,21.1000003144145,100.0,151.19604468345642,none,0
vehicle.bmw.isetta,82.0000009476335,0,120,0,10,100.0,32.050000477582216,100.0,247.7229344844818,none,0
vehicle.bmw.isetta,82.60999853125792,0,120,0,10,100.0,20.950000312179327,100.0,132.85599160194397,none,0
vehicle.bmw.isetta,82.61000234595448,0,120,0,10,100.0,26.3500003926456,100.0,236.7050993442536,none,0
vehicle.bmw.isetta,81.97915120561767,0,120,0,10,100.0,25.50000037997961,100.0,203.0431981086731,none,0
vehicle.bmw.isetta,81.99999331823905,0,120,0,10,100.0,50.30000074952841,100.0,430.3998899459839,none,0
vehicle.bmw.isetta,83.31085709977604,0,120,0,10,100.0,22.100000329315662,100.0,143.67589616775513,none,0
vehicle.bmw.isetta,83.089996226047,0,120,0,10,100.0,36.15000053867698,100.0,379.4529764652252,none,0
vehicle.bmw.isetta,81.99999331823905,0,120,0,10,100.0,23.650000352412462,100.0,161.91109228134155,none,0
vehicle.bmw.isetta,83.30912522726364,0,120,0,10,100.0,21.250000316649675,100.0,208.908052444458,none,0
vehicle.bmw.isetta,83.089996226047,0,120,0,10,100.0,22.70000033825636,100.0,153.70951795578003,none,0
vehicle.bmw.isetta,82.0000009476335,0,120,0,10,100.0,24.2000003606081,100.0,186.9641892910004,none,0
vehicle.bmw.isetta,83.51000974305987,0,120,0,10,100.0,20.40000030398369,100.0,160.92419838905334,none,0
vehicle.bmw.isetta,82.00000476233072,0,120,0,10,100.0,34.35000051185489,100.0,347.8843674659729,none,0
vehicle.bmw.isetta,82.00997924804688,0,120,0,10,44.75813280268401,28.300000421702865,26.85487968161041,212.8457305431366,collisions_vehicle,0
vehicle.bmw.isetta,82.6000177588627,0,120,0,10,100.0,23.550000350922343,100.0,149.29971551895142,none,0
vehicle.bmw.isetta,81.98086781925831,0,120,0,10,100.0,22.000000327825543,100.0,157.28810787200928,none,0
vehicle.bmw.isetta,82.00997924804688,0,120,0,10,100.0,25.450000379234552,100.0,142.07242035865784,none,0
vehicle.bmw.isetta,83.11998033178662,0,120,0,10,100.0,37.00000055134296,100.0,246.780118227005,none,0
vehicle.bmw.isetta,82.0000009476335,0,120,0,10,44.3124741497019,27.85000041499734,26.58748448982114,162.5600564479828,collisions_vehicle,0
vehicle.bmw.isetta,82.18000091524995,0,120,0,10,100.0,20.950000312179327,100.0,177.0513560771942,none,0
vehicle.bmw.isetta,61.26539929186665,0,120,0,10,100.0,28.200000420212746,100.0,313.26833486557007,none,0
vehicle.bmw.isetta,60.901017691577785,0,120,0,10,100.0,25.150000374764204,100.0,171.6760356426239,none,0
vehicle.bmw.isetta,61.94757622419835,0,120,0,10,100.0,38.800000578165054,100.0,358.243310213089,none,0
vehicle.bmw.isetta,60.91089740578979,0,120,0,10,100.0,34.00000050663948,100.0,271.76009225845337,none,0
vehicle.bmw.isetta,60.92802203945554,0,120,0,10,100.0,30.15000044927001,100.0,255.6162075996399,none,0
vehicle.bmw.isetta,61.75131111908178,0,120,0,10,100.0,20.500000305473804,100.0,214.50426650047305,none,0
vehicle.bmw.isetta,61.06920292504007,0,120,0,10,100.0,21.15000031515956,100.0,233.9519479274749,none,0
vehicle.bmw.isetta,61.58523811688995,0,120,0,10,100.0,21.65000032261014,100.0,175.0680513381958,none,0
vehicle.bmw.isetta,61.59830038671384,0,120,0,10,100.0,21.35000031813979,100.0,138.9842460155487,none,0
vehicle.bmw.isetta,61.16392023319401,0,120,0,10,100.0,27.450000409036875,100.0,157.65623474121094,none,0
vehicle.bmw.isetta,60.69758307301105,0,120,0,10,100.0,31.15000046417117,100.0,202.4811263084412,none,0
vehicle.bmw.isetta,60.83781726315381,0,120,0,10,100.0,25.80000038444996,100.0,201.3281421661377,none,0
vehicle.bmw.isetta,60.41447692826555,0,120,0,10,100.0,33.20000049471855,100.0,243.5040214061737,none,0
vehicle.bmw.isetta,61.09374739316211,0,120,0,10,100.0,24.75000036880374,100.0,202.78003811836243,none,0
vehicle.bmw.isetta,61.067938290835365,0,120,0,10,100.0,37.90000056475401,100.0,300.84821343421936,none,0
vehicle.bmw.isetta,60.85623744415566,0,120,0,10,100.0,25.100000374019142,100.0,198.72418904304504,none,0
vehicle.bmw.isetta,60.57136272504224,0,120,0,10,100.0,27.05000040307641,100.0,179.94816184043884,none,0
vehicle.bmw.isetta,60.95337258060778,0,120,0,10,100.0,27.85000041499734,100.0,167.2760775089264,none,0
vehicle.bmw.isetta,61.25325971366519,0,120,0,10,100.0,21.80000032484532,100.0,193.9642527103424,none,0
vehicle.bmw.isetta,61.367142631099526,0,120,0,10,100.0,28.00000041723252,100.0,265.6121003627777,none,0
vehicle.bmw.isetta,61.68555879782448,0,120,0,10,100.0,21.35000031813979,100.0,168.58779764175415,none,0
vehicle.bmw.isetta,60.90306747539447,0,120,0,10,100.0,48.50000072270632,100.0,495.2013397216797,none,0
vehicle.bmw.isetta,60.92792055053716,0,120,0,10,100.0,27.95000041648745,100.0,164.48420238494873,none,0
vehicle.bmw.isetta,61.00178018503786,0,120,0,10,100.0,24.8000003695488,100.0,125.8124647140503,none,0
vehicle.bmw.isetta,55.19927747263407,0,120,0,10,100.0,21.80000032484532,100.0,149.69966983795166,none,0
vehicle.bmw.isetta,55.27290728705631,0,120,0,10,100.0,20.000000298023224,100.0,130.78818249702454,none,0
vehicle.bmw.isetta,55.94493792555948,0,120,0,10,100.0,19.85000029578805,100.0,118.68399691581726,none,0
vehicle.bmw.isetta,55.2693469423156,0,120,0,10,100.0,20.550000306218863,100.0,157.97206807136536,none,0
vehicle.bmw.isetta,55.61009969298386,0,120,0,10,100.0,22.100000329315662,100.0,154.13111448287964,none,0
vehicle.bmw.isetta,56.02666298657788,0,120,0,10,100.0,24.75000036880374,100.0,178.92814326286316,none,0
vehicle.bmw.isetta,55.24653262480497,0,120,0,10,100.0,19.5500002913177,100.0,125.41444659233092,none,0
vehicle.bmw.isetta,55.1791221263788,0,120,0,10,100.0,26.50000039488077,100.0,138.32819199562073,none,0
vehicle.bmw.isetta,54.91447760482357,0,120,0,10,100.0,37.40000055730343,100.0,339.8840398788452,none,0
vehicle.bmw.isetta,55.43311785764707,0,120,0,10,100.0,23.95000035688281,100.0,165.0001757144928,none,0
vehicle.bmw.isetta,55.25090884695793,0,120,0,10,100.0,20.10000029951334,100.0,144.54430079460144,none,0
vehicle.bmw.isetta,55.04141645760018,0,120,0,10,100.0,51.1500007621944,100.0,421.3724007606506,none,0
vehicle.bmw.isetta,55.34447144880457,0,120,0,10,100.0,33.650000501424074,100.0,359.28431367874146,none,0
vehicle.bmw.isetta,55.9272196240984,0,120,0,10,100.0,24.00000035762787,100.0,167.97554683685303,none,0
vehicle.bmw.isetta,56.094386897300026,0,120,0,10,100.0,18.900000281631947,100.0,123.98454189300536,none,0
vehicle.bmw.isetta,54.75607184336737,0,120,0,10,100.0,20.000000298023224,100.0,141.77606558799744,none,0
vehicle.bmw.isetta,55.71251834771494,0,120,0,10,100.0,22.45000033453107,100.0,274.4387140274048,none,0
vehicle.bmw.isetta,55.507802941520346,0,120,0,10,100.0,21.450000319629908,100.0,139.12257361412048,none,0
vehicle.bmw.isetta,55.2446401601069,0,120,0,10,100.0,19.95000029727817,100.0,167.4600145816803,none,0
vehicle.bmw.isetta,55.41616043336074,0,120,0,10,100.0,22.35000033304096,100.0,192.61223149299624,none,0
vehicle.bmw.isetta,55.295861513545525,0,120,0,10,100.0,20.500000305473804,100.0,188.5801856517792,none,0
vehicle.bmw.isetta,55.41121556217197,0,120,0,10,100.0,19.500000290572643,100.0,113.49198007583618,none,0
vehicle.bmw.isetta,55.59823106089415,0,120,0,10,100.0,28.150000419467688,100.0,176.24020862579346,none,0
vehicle.bmw.isetta,56.290417613840575,0,120,0,10,100.0,20.60000030696392,100.0,135.32016968727112,none,0
vehicle.lincoln.mkz2017,83.59873826094632,0,120,0,10,100.0,33.20000049471855,100.0,329.3322069644928,none,0
vehicle.lincoln.mkz2017,326.46289454712144,0,120,0,10,100.0,148.5500022135675,100.0,960.7724034786224,none,0
vehicle.lincoln.mkz2017,310.51499937633105,0,120,0,10,100.0,119.700001783669,100.0,771.7362117767334,none,0
vehicle.lincoln.mkz2017,334.39002329383925,0,120,0,10,100.0,68.5500010214746,100.0,476.0757896900177,none,0
vehicle.lincoln.mkz2017,78.99352533935645,0,120,0,10,100.0,13.65000020340085,100.0,91.23629522323608,none,0
vehicle.lincoln.mkz2017,316.4820829944565,0,120,0,10,100.0,76.25000113621354,100.0,474.3881514072418,none,0
vehicle.lincoln.mkz2017,83.59873826094632,0,120,0,10,100.0,41.05000061169267,100.0,485.5242428779602,none,0
vehicle.lincoln.mkz2017,326.46289454712144,0,120,0,10,100.0,138.70000206679106,100.0,1359.92427611351,none,0
vehicle.lincoln.mkz2017,310.51499937633105,0,120,0,10,100.0,71.20000106096268,100.0,468.2839334011078,none,0
vehicle.lincoln.mkz2017,334.39002329383925,0,120,0,10,100.0,81.20000120997429,100.0,635.5879678726196,none,0
vehicle.lincoln.mkz2017,78.99352533935645,0,120,0,10,100.0,47.75000071153045,100.0,512.8642649650574,none,0
vehicle.lincoln.mkz2017,316.4820829944565,0,120,0,10,100.0,70.4500010497868,100.0,532.7882599830627,none,0
vehicle.lincoln.mkz2017,61.94757622419835,0,120,0,10,100.0,42.85000063851476,100.0,326.7962281703949,none,0
vehicle.lincoln.mkz2017,55.71251834771494,0,120,0,10,100.0,15.900000236928465,100.0,136.74394369125366,none,0
vehicle.lincoln.mkz2017,55.41121556217197,0,120,0,10,100.0,25.900000385940075,100.0,253.476220369339,none,0
vehicle.lincoln.mkz2017,61.58523811688995,0,120,0,10,100.0,39.40000058710575,100.0,322.2682592868805,none,0
vehicle.lincoln.mkz2017,60.85623744415566,0,120,0,10,100.0,27.650000412017107,100.0,163.92006540298462,none,0
vehicle.lincoln.mkz2017,60.57136272504224,0,120,0,10,100.0,27.60000041127205,100.0,175.26830005645752,none,0
vehicle.lincoln.mkz2017,61.68555879782448,0,120,0,10,100.0,42.60000063478947,100.0,358.97989654541016,none,0
vehicle.lincoln.mkz2017,55.41616043336074,0,120,0,10,100.0,28.200000420212746,100.0,247.5283789634705,none,0
vehicle.lincoln.mkz2017,55.295861513545525,0,120,0,10,100.0,15.800000235438349,100.0,127.64024186134338,none,0
vehicle.lincoln.mkz2017,61.00178018503786,0,120,0,10,100.0,26.200000390410423,100.0,159.63624572753906,none,0
vehicle.lincoln.mkz2017,60.83781726315381,0,120,0,10,100.0,43.30000064522028,100.0,314.5316994190216,none,0
vehicle.lincoln.mkz2017,60.92792055053716,0,120,0,10,100.0,28.45000042393804,100.0,230.21615314483645,none,0
vehicle.lincoln.mkz2017,55.24653262480497,0,120,0,10,100.0,24.300000362098217,100.0,138.89401745796204,none,0
vehicle.lincoln.mkz2017,55.59823106089415,0,120,0,10,100.0,28.40000042319297,100.0,196.7041637897492,none,0
vehicle.lincoln.mkz2017,60.90306747539447,0,120,0,10,100.0,42.30000063031912,100.0,366.1764860153198,none,0
vehicle.lincoln.mkz2017,60.69758307301105,0,120,0,10,100.0,43.05000064149499,100.0,311.544349193573,none,0
vehicle.lincoln.mkz2017,55.94493792555948,0,120,0,10,100.0,27.60000041127205,100.0,218.7844479084015,none,0
vehicle.lincoln.mkz2017,61.09374739316211,0,120,0,10,100.0,28.200000420212746,100.0,325.66009640693665,none,0
vehicle.lincoln.mkz2017,60.92802203945554,0,120,0,10,100.0,42.40000063180924,100.0,354.9199090003968,none,0
vehicle.lincoln.mkz2017,60.41447692826555,0,120,0,10,100.0,30.45000045374036,100.0,273.47331261634827,none,0
vehicle.lincoln.mkz2017,61.067938290835365,0,120,0,10,100.0,43.05000064149499,100.0,324.2221505641937,none,0
vehicle.lincoln.mkz2017,61.26539929186665,0,120,0,10,100.0,70.80000105500221,100.0,457.4841728210449,none,0
vehicle.lincoln.mkz2017,54.91447760482357,0,120,0,10,100.0,13.800000205636024,100.0,129.36433839797974,none,0
vehicle.lincoln.mkz2017,55.9272196240984,0,120,0,10,100.0,24.25000036135316,100.0,245.28401708602905,none,0
vehicle.lincoln.mkz2017,55.25090884695793,0,120,0,10,100.0,23.100000344216824,100.0,204.56421327590945,none,0
vehicle.lincoln.mkz2017,61.59830038671384,0,120,0,10,100.0,62.20000092685223,100.0,593.3043432235718,none,0
vehicle.lincoln.mkz2017,55.2693469423156,0,120,0,10,100.0,16.350000243633986,100.0,202.88355946540835,none,0
vehicle.lincoln.mkz2017,60.901017691577785,0,120,0,10,100.0,42.50000063329935,100.0,284.3680946826935,none,0
vehicle.lincoln.mkz2017,55.04141645760018,0,120,0,10,100.0,49.75000074133277,100.0,520.5814137458801,none,0
vehicle.lincoln.mkz2017,54.75607184336737,0,120,0,10,100.0,13.450000200420618,100.0,102.4042489528656,none,0
vehicle.lincoln.mkz2017,61.25325971366519,0,120,0,10,100.0,44.50000066310167,100.0,324.0121943950653,none,0
vehicle.lincoln.mkz2017,60.91089740578979,0,120,0,10,100.0,37.500000558793545,100.0,293.1910593509674,none,0
vehicle.lincoln.mkz2017,55.1791221263788,0,120,0,10,100.0,27.450000409036875,100.0,151.44805431365967,none,0
vehicle.lincoln.mkz2017,56.02666298657788,0,120,0,10,100.0,24.400000363588333,100.0,185.95750856399536,none,0
vehicle.lincoln.mkz2017,61.75131111908178,0,120,0,10,100.0,39.30000058561564,100.0,264.2283749580384,none,0
vehicle.lincoln.mkz2017,55.61009969298386,0,120,0,10,100.0,13.700000204145908,100.0,92.3084201812744,none,0
vehicle.lincoln.mkz2017,56.290417613840575,0,120,0,10,100.0,24.150000359863043,100.0,139.18040204048157,none,0
vehicle.lincoln.mkz2017,60.95337258060778,0,120,0,10,100.0,25.200000375509266,100.0,148.1679048538208,none,0
vehicle.lincoln.mkz2017,61.16392023319401,0,120,0,10,100.0,28.10000041872263,100.0,194.1283779144287,none,0
vehicle.lincoln.mkz2017,55.43311785764707,0,120,0,10,100.0,18.200000271201134,100.0,121.34423518180849,none,0
vehicle.lincoln.mkz2017,55.2446401601069,0,120,0,10,100.0,13.40000019967556,100.0,98.39631152153017,none,0
vehicle.lincoln.mkz2017,55.507802941520346,0,120,0,10,100.0,13.500000201165676,100.0,89.72396397590637,none,0
vehicle.lincoln.mkz2017,61.367142631099526,0,120,0,10,100.0,25.200000375509266,100.0,222.020206451416,none,0
vehicle.lincoln.mkz2017,55.34447144880457,0,120,0,10,100.0,31.600000470876694,100.0,238.95608639717105,none,0
vehicle.lincoln.mkz2017,55.27290728705631,0,120,0,10,100.0,24.600000366568565,100.0,146.0483477115631,none,0
vehicle.lincoln.mkz2017,55.19927747263407,0,120,0,10,100.0,46.8500006981194,100.0,474.0926492214203,none,0
vehicle.lincoln.mkz2017,56.094386897300026,0,120,0,10,100.0,24.45000036433339,100.0,186.30859994888303,none,0
vehicle.lincoln.mkz2017,61.06920292504007,0,120,0,10,100.0,61.60000091791153,100.0,614.0561544895172,none,0
vehicle.lincoln.mkz2017,82.60001775936934,0,120,0,10,100.0,22.750000339001417,100.0,170.25618386268616,none,0
vehicle.lincoln.mkz2017,83.11998033178662,0,120,0,10,100.0,27.150000404566526,100.0,184.1365041732788,none,0
vehicle.lincoln.mkz2017,83.51000974305987,0,120,0,10,42.48743403211167,20.000000298023224,25.492460419267,123.44033861160278,collisions_vehicle,0
vehicle.lincoln.mkz2017,82.18000091524995,0,120,0,10,100.0,20.30000030249357,100.0,145.61318254470825,none,0
vehicle.lincoln.mkz2017,82.0000009476335,0,120,0,10,100.0,21.1000003144145,100.0,126.02784538269044,none,0
vehicle.lincoln.mkz2017,82.60999853125792,0,120,0,10,100.0,20.1500003002584,100.0,129.03591752052307,none,0
vehicle.lincoln.mkz2017,82.61000234595448,0,120,0,10,100.0,20.65000030770898,100.0,207.0839548110962,none,0
vehicle.lincoln.mkz2017,81.97915120561767,0,120,0,10,38.44613795138678,12.750000189989803,26.912296565970745,73.1070146560669,red_light,0
vehicle.lincoln.mkz2017,81.99999331823905,0,120,0,10,100.0,20.35000030323863,100.0,168.89225053787231,none,0
vehicle.lincoln.mkz2017,83.31085709977604,0,120,0,10,100.0,21.000000312924385,100.0,122.89625263214111,none,0
vehicle.lincoln.mkz2017,83.089996226047,0,120,0,10,42.40321651391992,29.50000043958425,25.441929908351952,267.21267676353455,collisions_vehicle,0
vehicle.lincoln.mkz2017,81.99999331823905,0,120,0,10,100.0,21.15000031515956,100.0,255.24001908302307,none,0
vehicle.lincoln.mkz2017,83.30912522726364,0,120,0,10,100.0,27.60000041127205,100.0,212.11960744857788,none,0
vehicle.lincoln.mkz2017,83.089996226047,0,120,0,10,100.0,21.85000032559037,100.0,139.4561505317688,none,0
vehicle.lincoln.mkz2017,82.0000009476335,0,120,0,10,100.0,21.7000003233552,100.0,169.93215656280518,none,0
vehicle.lincoln.mkz2017,83.51000974305987,0,120,0,10,100.0,21.15000031515956,100.0,266.8346893787384,none,0
vehicle.lincoln.mkz2017,82.00000476233072,0,120,0,10,100.0,37.40000055730343,100.0,292.59708070755005,none,0
vehicle.lincoln.mkz2017,82.00997924804688,0,120,0,10,42.30348305077536,28.950000431388617,25.38208983046521,246.52767205238345,collisions_vehicle,0
vehicle.lincoln.mkz2017,82.6000177588627,0,120,0,10,100.0,20.30000030249357,100.0,135.6999056339264,none,0
vehicle.lincoln.mkz2017,81.98086781925831,0,120,0,10,100.0,21.7000003233552,100.0,149.3483681678772,none,0
vehicle.lincoln.mkz2017,82.00997924804688,0,120,0,10,100.0,24.050000358372927,100.0,153.3201014995575,none,0
vehicle.lincoln.mkz2017,83.11998033178662,0,120,0,10,100.0,21.050000313669443,100.0,131.86041808128357,none,0
vehicle.lincoln.mkz2017,82.0000009476335,0,120,0,10,100.0,20.1500003002584,100.0,113.8841564655304,none,0
vehicle.lincoln.mkz2017,82.18000091524995,0,120,0,10,100.0,20.25000030174852,100.0,165.04804301261902,none,0
vehicle.lincoln.mkz2017,61.26539929186665,0,120,0,10,100.0,28.150000419467688,100.0,192.00010442733765,none,0
vehicle.lincoln.mkz2017,60.901017691577785,0,120,0,10,100.0,24.95000037178397,100.0,226.89594411849976,none,0
vehicle.lincoln.mkz2017,61.94757622419835,0,120,0,10,100.0,32.100000478327274,100.0,253.09229564666748,none,0
vehicle.lincoln.mkz2017,60.91089740578979,0,120,0,10,100.0,24.850000370293856,100.0,136.55209350585938,none,0
vehicle.lincoln.mkz2017,60.92802203945554,0,120,0,10,100.0,25.950000386685133,100.0,179.8719460964203,none,0
vehicle.lincoln.mkz2017,61.75131111908178,0,120,0,10,100.0,20.65000030770898,100.0,162.62482404708862,none,0
vehicle.lincoln.mkz2017,61.06920292504007,0,120,0,10,100.0,20.35000030323863,100.0,153.90018248558044,none,0
vehicle.lincoln.mkz2017,61.58523811688995,0,120,0,10,100.0,22.850000340491533,100.0,228.65595149993896,none,0
vehicle.lincoln.mkz2017,61.59830038671384,0,120,0,10,100.0,22.6500003375113,100.0,152.2080888748169,none,0
vehicle.lincoln.mkz2017,61.16392023319401,0,120,0,10,100.0,26.85000040009617,100.0,167.52803087234497,none,0
vehicle.lincoln.mkz2017,60.69758307301105,0,120,0,10,100.0,35.80000053346157,100.0,308.73233127593994,none,0
vehicle.lincoln.mkz2017,60.83781726315381,0,120,0,10,100.0,39.7000005915761,100.0,354.55999207496643,none,0
vehicle.lincoln.mkz2017,60.41447692826555,0,120,0,10,100.0,28.00000041723252,100.0,264.90828490257263,none,0
vehicle.lincoln.mkz2017,61.09374739316211,0,120,0,10,100.0,27.250000406056643,100.0,221.71943759918213,none,0
vehicle.lincoln.mkz2017,61.067938290835365,0,120,0,10,100.0,79.85000118985772,100.0,634.3801620006561,none,0
vehicle.lincoln.mkz2017,60.85623744415566,0,120,0,10,100.0,24.650000367313623,100.0,233.7163245677948,none,0
vehicle.lincoln.mkz2017,60.57136272504224,0,120,0,10,100.0,27.3000004068017,100.0,175.59620141983032,none,0
vehicle.lincoln.mkz2017,60.95337258060778,0,120,0,10,100.0,28.05000041797757,100.0,171.92797303199768,none,0
vehicle.lincoln.mkz2017,61.25325971366519,0,120,0,10,100.0,22.20000033080578,100.0,173.92814874649048,none,0
vehicle.lincoln.mkz2017,61.367142631099526,0,120,0,10,100.0,24.8000003695488,100.0,199.4820656776428,none,0
vehicle.lincoln.mkz2017,61.68555879782448,0,120,0,10,100.0,322.2500048018992,100.0,2007.0678226947784,none,0
vehicle.lincoln.mkz2017,60.90306747539447,0,120,0,10,100.0,52.80000078678131,100.0,412.18783378601074,none,0
vehicle.lincoln.mkz2017,60.92792055053716,0,120,0,10,100.0,28.90000043064356,100.0,166.7921073436737,none,0
vehicle.lincoln.mkz2017,61.00178018503786,0,120,0,10,100.0,28.45000042393804,100.0,179.8919653892517,none,0
vehicle.lincoln.mkz2017,55.19927747263407,0,120,0,10,100.0,46.750000696629286,100.0,364.5919442176819,none,0
vehicle.lincoln.mkz2017,55.27290728705631,0,120,0,10,100.0,20.40000030398369,100.0,150.63883686065674,none,0
vehicle.lincoln.mkz2017,55.94493792555948,0,120,0,10,100.0,19.70000029355288,100.0,104.86415314674376,none,0
vehicle.lincoln.mkz2017,55.2693469423156,0,120,0,10,100.0,21.000000312924385,100.0,256.4423134326935,none,0
vehicle.lincoln.mkz2017,55.61009969298386,0,120,0,10,100.0,21.40000031888485,100.0,141.23218202590942,none,0
vehicle.lincoln.mkz2017,56.02666298657788,0,120,0,10,100.0,21.80000032484532,100.0,170.27533507347107,none,0
vehicle.lincoln.mkz2017,55.24653262480497,0,120,0,10,100.0,18.85000028088689,100.0,111.74416875839232,none,0
vehicle.lincoln.mkz2017,55.1791221263788,0,120,0,10,100.0,32.80000048875809,100.0,232.57633996009827,none,0
vehicle.lincoln.mkz2017,54.91447760482357,0,120,0,10,100.0,33.95000050589442,100.0,315.0643050670624,none,0
vehicle.lincoln.mkz2017,55.43311785764707,0,120,0,10,100.0,23.100000344216824,100.0,208.7603824138641,none,0
vehicle.lincoln.mkz2017,55.25090884695793,0,120,0,10,100.0,20.05000029876828,100.0,180.2521450519561,none,0
vehicle.lincoln.mkz2017,55.04141645760018,0,120,0,10,100.0,24.45000036433339,100.0,168.97230648994446,none,0
vehicle.lincoln.mkz2017,55.34447144880457,0,120,0,10,100.0,38.30000057071448,100.0,405.822371006012,none,0
vehicle.lincoln.mkz2017,55.9272196240984,0,120,0,10,100.0,19.20000028610229,100.0,133.50796914100647,none,0
vehicle.lincoln.mkz2017,56.094386897300026,0,120,0,10,100.0,19.30000028759241,100.0,129.87993240356445,none,0
vehicle.lincoln.mkz2017,54.75607184336737,0,120,0,10,100.0,23.550000350922343,100.0,171.18467330932617,none,0
vehicle.lincoln.mkz2017,55.71251834771494,0,120,0,10,100.0,19.30000028759241,100.0,157.25707864761353,none,0
vehicle.lincoln.mkz2017,55.507802941520346,0,120,0,10,100.0,21.250000316649675,100.0,159.13978958129883,none,0
vehicle.lincoln.mkz2017,55.2446401601069,0,120,0,10,100.0,19.15000028535724,100.0,188.6585249900818,none,0
vehicle.lincoln.mkz2017,55.41616043336074,0,120,0,10,100.0,20.500000305473804,100.0,160.72799038887024,none,0
vehicle.lincoln.mkz2017,55.295861513545525,0,120,0,10,100.0,21.050000313669443,100.0,192.55214881896973,none,0
vehicle.lincoln.mkz2017,55.41121556217197,0,120,0,10,100.0,18.75000027939677,100.0,173.25221157073975,none,0
vehicle.lincoln.mkz2017,55.59823106089415,0,120,0,10,100.0,49.25000073388219,100.0,367.8036637306213,none,0
vehicle.lincoln.mkz2017,56.290417613840575,0,120,0,10,100.0,20.40000030398369,100.0,116.0242121219635,none,0
vehicle.bmw.isetta,83.59873826094632,0,120,0,11,100.0,78.2000011652708,100.0,731.3603518009186,none,0
vehicle.bmw.isetta,326.46289454712144,0,120,0,11,100.0,59.400000885128975,100.0,477.65605545043945,none,0
vehicle.bmw.isetta,310.51499937633105,0,120,0,11,100.0,61.35000091418624,100.0,562.252831697464,none,0
vehicle.bmw.isetta,334.39002329383925,0,120,0,11,100.0,83.20000123977661,100.0,601.0639452934265,none,0
vehicle.bmw.isetta,78.99352533935645,0,120,0,11,100.0,46.90000069886446,100.0,432.8039767742157,none,0
vehicle.bmw.isetta,316.4820829944565,0,120,0,11,100.0,73.15000109001994,100.0,527.9922134876251,none,0
vehicle.bmw.isetta,83.59873826094632,0,120,0,11,100.0,41.50000061839819,100.0,367.10397505760193,none,0
vehicle.bmw.isetta,326.46289454712144,0,120,0,11,100.0,101.55000151321292,100.0,897.8443942070007,none,0
vehicle.bmw.isetta,310.51499937633105,0,120,0,11,100.0,59.05000087991357,100.0,427.7560245990753,none,0
vehicle.bmw.isetta,334.39002329383925,0,120,0,11,100.0,65.75000097975135,100.0,596.2439539432526,none,0
vehicle.bmw.isetta,78.99352533935645,0,120,0,11,100.0,18.200000271201134,100.0,183.37237071990967,none,0
vehicle.bmw.isetta,316.4820829944565,0,120,0,11,100.0,74.7500011138618,100.0,537.8273985385895,none,0
vehicle.bmw.isetta,61.94757622419835,0,120,0,11,100.0,42.25000062957406,100.0,307.5163879394531,none,0
vehicle.bmw.isetta,55.71251834771494,0,120,0,11,100.0,12.950000192970036,100.0,136.4679982662201,none,0
vehicle.bmw.isetta,55.41121556217197,0,120,0,11,100.0,26.600000396370888,100.0,181.5562510490417,none,0
vehicle.bmw.isetta,61.58523811688995,0,120,0,11,100.0,42.900000639259815,100.0,592.4483013153076,none,0
vehicle.bmw.isetta,60.85623744415566,0,120,0,11,100.0,24.650000367313623,100.0,184.29619669914248,none,0
vehicle.bmw.isetta,60.57136272504224,0,120,0,11,100.0,27.400000408291817,100.0,192.69208931922915,none,0
vehicle.bmw.isetta,61.68555879782448,0,120,0,11,100.0,39.20000058412552,100.0,335.0520303249359,none,0
vehicle.bmw.isetta,55.41616043336074,0,120,0,11,100.0,22.70000033825636,100.0,209.843914270401,none,0
vehicle.bmw.isetta,55.295861513545525,0,120,0,11,100.0,14.850000221282244,100.0,139.07213640213013,none,0
vehicle.bmw.isetta,61.00178018503786,0,120,0,11,100.0,24.150000359863043,100.0,172.59201788902283,none,0
vehicle.bmw.isetta,60.83781726315381,0,120,0,11,100.0,42.25000062957406,100.0,521.2639498710632,none,0
vehicle.bmw.isetta,60.92792055053716,0,120,0,11,100.0,25.00000037252903,100.0,158.26012635231018,none,0
vehicle.bmw.isetta,55.24653262480497,0,120,0,11,100.0,24.350000362843275,100.0,185.280059337616,none,0
vehicle.bmw.isetta,55.59823106089415,0,120,0,11,100.0,51.5000007674098,100.0,368.5442180633545,none,0
vehicle.bmw.isetta,60.90306747539447,0,120,0,11,100.0,48.600000724196434,100.0,463.53214597702026,none,0
vehicle.bmw.isetta,60.69758307301105,0,120,0,11,100.0,41.350000616163015,100.0,433.8685638904572,none,0
vehicle.bmw.isetta,55.94493792555948,0,120,0,11,100.0,25.35000037774444,100.0,151.96005153656006,none,0
vehicle.bmw.isetta,61.09374739316211,0,120,0,11,100.0,27.500000409781933,100.0,364.7958858013153,none,0
vehicle.bmw.isetta,60.92802203945554,0,120,0,11,100.0,44.10000065714121,100.0,352.88783860206604,none,0
vehicle.bmw.isetta,60.41447692826555,0,120,0,11,100.0,27.450000409036875,100.0,213.40802693367004,none,0
vehicle.bmw.isetta,61.067938290835365,0,120,0,11,100.0,39.050000581890345,100.0,520.2246046066284,none,0
vehicle.bmw.isetta,61.26539929186665,0,120,0,11,100.0,26.750000398606065,100.0,230.1604449748993,none,0
vehicle.bmw.isetta,54.91447760482357,0,120,0,11,100.0,53.10000079125166,100.0,380.10799074172974,none,0
vehicle.bmw.isetta,55.9272196240984,0,120,0,11,100.0,27.10000040382147,100.0,185.23522067070007,none,0
vehicle.bmw.isetta,55.25090884695793,0,120,0,11,100.0,14.550000216811895,100.0,135.1925528049469,none,0
vehicle.bmw.isetta,61.59830038671384,0,120,0,11,100.0,39.40000058710575,100.0,398.92427468299866,none,0
vehicle.bmw.isetta,55.2693469423156,0,120,0,11,100.0,12.90000019222498,100.0,137.49198246002197,none,0
vehicle.bmw.isetta,60.901017691577785,0,120,0,11,100.0,24.70000036805868,100.0,227.5120754241944,none,0
vehicle.bmw.isetta,55.04141645760018,0,120,0,11,100.0,22.70000033825636,100.0,162.06825399398804,none,0
vehicle.bmw.isetta,54.75607184336737,0,120,0,11,100.0,17.400000259280205,100.0,151.60393071174622,none,0
vehicle.bmw.isetta,61.25325971366519,0,120,0,11,100.0,39.40000058710575,100.0,385.47238183021545,none,0
vehicle.bmw.isetta,60.91089740578979,0,120,0,11,100.0,36.75000054761768,100.0,302.0205216407776,none,0
vehicle.bmw.isetta,55.1791221263788,0,120,0,11,100.0,26.25000039115548,100.0,159.18881726264954,none,0
vehicle.bmw.isetta,56.02666298657788,0,120,0,11,100.0,28.40000042319297,100.0,227.4241428375244,none,0
vehicle.bmw.isetta,61.75131111908178,0,120,0,11,100.0,38.90000057965517,100.0,304.7680730819702,none,0
vehicle.bmw.isetta,55.61009969298386,0,120,0,11,100.0,13.000000193715096,100.0,130.3082685470581,none,0
vehicle.bmw.isetta,56.290417613840575,0,120,0,11,100.0,26.00000038743019,100.0,191.8644053936005,none,0
vehicle.bmw.isetta,60.95337258060778,0,120,0,11,100.0,25.00000037252903,100.0,163.81202173233032,none,0
vehicle.bmw.isetta,61.16392023319401,0,120,0,11,100.0,24.25000036135316,100.0,167.03609323501587,none,0
vehicle.bmw.isetta,55.43311785764707,0,120,0,11,100.0,17.900000266730785,100.0,124.10812282562256,none,0
vehicle.bmw.isetta,55.2446401601069,0,120,0,11,100.0,12.85000019147992,100.0,108.00822186470032,none,0
vehicle.bmw.isetta,55.507802941520346,0,120,0,11,100.0,14.70000021904707,100.0,108.4879276752472,none,0
vehicle.bmw.isetta,61.367142631099526,0,120,0,11,100.0,26.90000040084124,100.0,244.7564387321472,none,0
vehicle.bmw.isetta,55.34447144880457,0,120,0,11,100.0,15.95000023767352,100.0,155.78464937210083,none,0
vehicle.bmw.isetta,55.27290728705631,0,120,0,11,100.0,25.200000375509266,100.0,211.4683198928833,none,0
vehicle.bmw.isetta,55.19927747263407,0,120,0,11,100.0,17.850000265985727,100.0,175.4083869457245,none,0
vehicle.bmw.isetta,56.094386897300026,0,120,0,11,100.0,24.400000363588333,100.0,219.7723758220673,none,0
vehicle.bmw.isetta,61.06920292504007,0,120,0,11,100.0,43.00000064074993,100.0,477.3440289497376,none,0
vehicle.bmw.isetta,82.60001775936934,0,120,0,11,100.0,21.300000317394733,100.0,218.65602135658264,none,0
vehicle.bmw.isetta,83.11998033178662,0,120,0,11,100.0,26.30000039190054,100.0,219.7642798423767,none,0
vehicle.bmw.isetta,83.51000974305987,0,120,0,11,100.0,20.950000312179327,100.0,140.7598512172699,none,0
vehicle.bmw.isetta,82.18000091524995,0,120,0,11,100.0,22.050000328570604,100.0,257.10804438591003,none,0
vehicle.bmw.isetta,82.0000009476335,0,120,0,11,100.0,21.000000312924385,100.0,140.475928068161,none,0
vehicle.bmw.isetta,82.60999853125792,0,120,0,11,100.0,20.25000030174852,100.0,136.55221581459045,none,0
vehicle.bmw.isetta,82.61000234595448,0,120,0,11,100.0,21.300000317394733,100.0,180.03985786437988,none,0
vehicle.bmw.isetta,81.97915120561767,0,120,0,11,45.83555836021964,197.200002938509,45.83555836021964,1301.996442079544,none,0
vehicle.bmw.isetta,81.99999331823905,0,120,0,11,100.0,48.600000724196434,100.0,388.32407808303833,none,0
vehicle.bmw.isetta,83.31085709977604,0,120,0,11,100.0,21.300000317394733,100.0,164.64838814735413,none,0
vehicle.bmw.isetta,83.089996226047,0,120,0,11,43.62633813403826,33.00000049173832,26.17580288042296,224.3844404220581,collisions_vehicle,0
vehicle.bmw.isetta,81.99999331823905,0,120,0,11,100.0,20.35000030323863,100.0,157.54422616958618,none,0
vehicle.bmw.isetta,83.30912522726364,0,120,0,11,100.0,25.600000381469727,100.0,318.80048966407776,none,0
vehicle.bmw.isetta,83.089996226047,0,120,0,11,100.0,20.500000305473804,100.0,186.58001327514648,none,0
vehicle.bmw.isetta,82.0000009476335,0,120,0,11,100.0,55.500000827014446,100.0,748.9964652061462,none,0
vehicle.bmw.isetta,83.51000974305987,0,120,0,11,100.0,20.40000030398369,100.0,190.33626890182487,none,0
vehicle.bmw.isetta,82.00000476233072,0,120,0,11,100.0,20.25000030174852,100.0,189.66825699806213,none,0
vehicle.bmw.isetta,82.00997924804688,0,120,0,11,100.0,34.1000005081296,100.0,310.3921296596527,none,0
vehicle.bmw.isetta,82.6000177588627,0,120,0,11,100.0,21.000000312924385,100.0,164.80428743362427,none,0
vehicle.bmw.isetta,81.98086781925831,0,120,0,11,100.0,23.40000034868717,100.0,210.4445402622223,none,0
vehicle.bmw.isetta,82.00997924804688,0,120,0,11,100.0,22.25000033155084,100.0,138.2721242904663,none,0
vehicle.bmw.isetta,83.11998033178662,0,120,0,11,100.0,20.10000029951334,100.0,149.0721514225006,none,0
vehicle.bmw.isetta,82.0000009476335,0,120,0,11,100.0,23.20000034570694,100.0,166.93241572380066,none,0
vehicle.bmw.isetta,82.18000091524995,0,120,0,11,100.0,20.30000030249357,100.0,202.99996066093445,none,0
vehicle.bmw.isetta,61.26539929186665,0,120,0,11,100.0,26.55000039562583,100.0,233.5363941192627,none,0
vehicle.bmw.isetta,60.901017691577785,0,120,0,11,100.0,24.75000036880374,100.0,183.06390237808228,none,0
vehicle.bmw.isetta,61.94757622419835,0,120,0,11,100.0,32.50000048428774,100.0,401.5161018371582,none,0
vehicle.bmw.isetta,60.91089740578979,0,120,0,11,100.0,36.85000054910779,100.0,226.10002541542053,none,0
vehicle.bmw.isetta,60.92802203945554,0,120,0,11,100.0,24.050000358372927,100.0,258.788938999176,none,0
vehicle.bmw.isetta,61.75131111908178,0,120,0,11,100.0,20.40000030398369,100.0,164.5761275291443,none,0
vehicle.bmw.isetta,61.06920292504007,0,120,0,11,100.0,27.650000412017107,100.0,324.4723324775696,none,0
vehicle.bmw.isetta,61.58523811688995,0,120,0,11,100.0,20.500000305473804,100.0,203.12453532218933,none,0
vehicle.bmw.isetta,61.59830038671384,0,120,0,11,100.0,23.100000344216824,100.0,181.88037729263303,none,0
vehicle.bmw.isetta,61.16392023319401,0,120,0,11,100.0,26.150000389665365,100.0,169.06442308425903,none,0
vehicle.bmw.isetta,60.69758307301105,0,120,0,11,100.0,29.750000443309546,100.0,287.2000963687897,none,0
vehicle.bmw.isetta,60.83781726315381,0,120,0,11,100.0,35.00000052154064,100.0,462.9079463481903,none,0
vehicle.bmw.isetta,60.41447692826555,0,120,0,11,100.0,28.200000420212746,100.0,209.6561434268952,none,0
vehicle.bmw.isetta,61.09374739316211,0,120,0,11,100.0,24.050000358372927,100.0,342.3558945655823,none,0
vehicle.bmw.isetta,61.067938290835365,0,120,0,11,100.0,33.80000050365925,100.0,352.9999461174011,none,0
vehicle.bmw.isetta,60.85623744415566,0,120,0,11,100.0,24.70000036805868,100.0,150.38825297355652,none,0
vehicle.bmw.isetta,60.57136272504224,0,120,0,11,100.0,26.45000039413572,100.0,223.8082091808319,none,0
vehicle.bmw.isetta,60.95337258060778,0,120,0,11,100.0,28.250000420957804,100.0,198.8761150836945,none,0
vehicle.bmw.isetta,61.25325971366519,0,120,0,11,100.0,20.60000030696392,100.0,179.04399299621582,none,0
vehicle.bmw.isetta,61.367142631099526,0,120,0,11,100.0,26.80000039935112,100.0,258.5442123413086,none,0
vehicle.bmw.isetta,61.68555879782448,0,120,0,11,100.0,20.60000030696392,100.0,215.7434153556824,none,0
vehicle.bmw.isetta,60.90306747539447,0,120,0,11,100.0,20.950000312179327,100.0,202.01224303245544,none,0
vehicle.bmw.isetta,60.92792055053716,0,120,0,11,100.0,24.050000358372927,100.0,203.1722862720489,none,0
vehicle.bmw.isetta,61.00178018503786,0,120,0,11,100.0,28.00000041723252,100.0,204.22021174430847,none,0
vehicle.bmw.isetta,55.19927747263407,0,120,0,11,100.0,19.35000028833747,100.0,203.8044631481171,none,0
vehicle.bmw.isetta,55.27290728705631,0,120,0,11,100.0,19.10000028461218,100.0,129.80402660369873,none,0
vehicle.bmw.isetta,55.94493792555948,0,120,0,11,100.0,19.20000028610229,100.0,136.3881552219391,none,0
vehicle.bmw.isetta,55.2693469423156,0,120,0,11,100.0,19.60000029206276,100.0,280.1466574668884,none,0
vehicle.bmw.isetta,55.61009969298386,0,120,0,11,100.0,21.80000032484532,100.0,175.8681879043579,none,0
vehicle.bmw.isetta,56.02666298657788,0,120,0,11,100.0,21.60000032186508,100.0,196.10802388191223,none,0
vehicle.bmw.isetta,55.24653262480497,0,120,0,11,100.0,18.950000282377005,100.0,130.37216067314148,none,0
vehicle.bmw.isetta,55.1791221263788,0,120,0,11,100.0,24.45000036433339,100.0,161.69643259048462,none,0
vehicle.bmw.isetta,54.91447760482357,0,120,0,11,100.0,34.70000051707029,100.0,311.1562976837158,none,0
vehicle.bmw.isetta,55.43311785764707,0,120,0,11,100.0,22.6500003375113,100.0,214.25635409355164,none,0
vehicle.bmw.isetta,55.25090884695793,0,120,0,11,100.0,19.450000289827585,100.0,185.65232706069943,none,0
vehicle.bmw.isetta,55.04141645760018,0,120,0,11,100.0,50.05000074580312,100.0,660.7988946437836,none,0
vehicle.bmw.isetta,55.34447144880457,0,120,0,11,100.0,33.00000049173832,100.0,343.71219396591187,none,0
vehicle.bmw.isetta,55.9272196240984,0,120,0,11,100.0,19.15000028535724,100.0,140.35197281837463,none,0
vehicle.bmw.isetta,56.094386897300026,0,120,0,11,100.0,23.500000350177288,100.0,247.4442069530487,none,0
vehicle.bmw.isetta,54.75607184336737,0,120,0,11,100.0,21.60000032186508,100.0,188.99632453918457,none,0
vehicle.bmw.isetta,55.71251834771494,0,120,0,11,100.0,19.35000028833747,100.0,272.7001476287842,none,0
vehicle.bmw.isetta,55.507802941520346,0,120,0,11,100.0,19.30000028759241,100.0,156.2401478290558,none,0
vehicle.bmw.isetta,55.2446401601069,0,120,0,11,100.0,19.30000028759241,100.0,198.3086528778076,none,0
vehicle.bmw.isetta,55.41616043336074,0,120,0,11,100.0,20.70000030845404,100.0,175.57215905189514,none,0
vehicle.bmw.isetta,55.295861513545525,0,120,0,11,100.0,21.50000032037497,100.0,258.9003381729126,none,0
vehicle.bmw.isetta,55.41121556217197,0,120,0,11,100.0,18.950000282377005,100.0,176.36827969551086,none,0
vehicle.bmw.isetta,55.59823106089415,0,120,0,11,100.0,48.65000072494149,100.0,423.4005270004273,none,0
vehicle.bmw.isetta,56.290417613840575,0,120,0,11,100.0,19.60000029206276,100.0,149.16444325447085,none,0
vehicle.lincoln.mkz2017,83.59873826094632,0,120,0,11,100.0,40.6500006057322,100.0,456.2040312290192,none,0
vehicle.lincoln.mkz2017,326.46289454712144,0,120,0,11,100.0,100.00000149011612,100.0,675.5998406410217,none,0
vehicle.lincoln.mkz2017,310.51499937633105,0,120,0,11,100.0,60.90000090748072,100.0,536.7319293022156,none,0
vehicle.lincoln.mkz2017,334.39002329383925,0,120,0,11,100.0,82.00000122189522,100.0,611.3838520050049,none,0
vehicle.lincoln.mkz2017,78.99352533935645,0,120,0,11,100.0,13.500000201165676,100.0,126.0760624408722,none,0
vehicle.lincoln.mkz2017,316.4820829944565,0,120,0,11,100.0,77.10000114887953,100.0,596.4718823432922,none,0
vehicle.lincoln.mkz2017,83.59873826094632,0,120,0,11,100.0,35.6500005312264,100.0,328.47629737854004,none,0
vehicle.lincoln.mkz2017,326.46289454712144,0,120,0,11,100.0,101.90000151842833,100.0,803.2041065692902,none,0
vehicle.lincoln.mkz2017,310.51499937633105,0,120,0,11,100.0,96.8000014424324,100.0,769.7880249023438,none,0
vehicle.lincoln.mkz2017,334.39002329383925,0,120,0,11,100.0,139.2500020749867,100.0,1163.6239428520205,none,0
vehicle.lincoln.mkz2017,78.99352533935645,0,120,0,11,100.0,48.0500007160008,100.0,452.1082503795624,none,0
vehicle.lincoln.mkz2017,316.4820829944565,0,120,0,11,100.0,70.50000105053186,100.0,478.47589325904846,none,0
vehicle.lincoln.mkz2017,61.94757622419835,0,120,0,11,100.0,39.75000059232116,100.0,261.48042035102844,none,0
vehicle.lincoln.mkz2017,55.71251834771494,0,120,0,11,100.0,12.600000187754633,100.0,127.6192433834076,none,0
vehicle.lincoln.mkz2017,55.41121556217197,0,120,0,11,100.0,61.30000091344118,100.0,391.6603467464447,none,0
vehicle.lincoln.mkz2017,61.58523811688995,0,120,0,11,100.0,39.00000058114529,100.0,458.3643929958344,none,0
vehicle.lincoln.mkz2017,60.85623744415566,0,120,0,11,100.0,24.400000363588333,100.0,163.99631023406982,none,0
vehicle.lincoln.mkz2017,60.57136272504224,0,120,0,11,100.0,25.30000037699937,100.0,190.6882722377777,none,0
vehicle.lincoln.mkz2017,61.68555879782448,0,120,0,11,100.0,39.35000058636069,100.0,376.5199828147888,none,0
vehicle.lincoln.mkz2017,55.41616043336074,0,120,0,11,100.0,22.90000034123659,100.0,204.7880089282989,none,0
vehicle.lincoln.mkz2017,55.295861513545525,0,120,0,11,100.0,13.750000204890966,100.0,184.53634452819824,none,0
vehicle.lincoln.mkz2017,61.00178018503786,0,120,0,11,100.0,28.35000042244792,100.0,190.02803874015808,none,0
vehicle.lincoln.mkz2017,60.83781726315381,0,120,0,11,100.0,39.65000059083104,100.0,338.1881096363068,none,0
vehicle.lincoln.mkz2017,60.92792055053716,0,120,0,11,100.0,24.050000358372927,100.0,181.69642162323,none,0
vehicle.lincoln.mkz2017,55.24653262480497,0,120,0,11,100.0,24.25000036135316,100.0,155.17615485191345,none,0
vehicle.lincoln.mkz2017,55.59823106089415,0,120,0,11,100.0,28.35000042244792,100.0,286.06445384025574,none,0
vehicle.lincoln.mkz2017,60.90306747539447,0,120,0,11,100.0,47.35000070556998,100.0,462.2519578933716,none,0
vehicle.lincoln.mkz2017,60.69758307301105,0,120,0,11,100.0,39.85000059381128,100.0,397.9285068511963,none,0
vehicle.lincoln.mkz2017,55.94493792555948,0,120,0,11,100.0,27.400000408291817,100.0,172.42840814590454,none,0
vehicle.lincoln.mkz2017,61.09374739316211,0,120,0,11,100.0,27.750000413507223,100.0,424.064227104187,none,0
vehicle.lincoln.mkz2017,60.92802203945554,0,120,0,11,100.0,42.25000062957406,100.0,284.9119324684143,none,0
vehicle.lincoln.mkz2017,60.41447692826555,0,120,0,11,100.0,25.30000037699937,100.0,173.7162036895752,none,0
vehicle.lincoln.mkz2017,61.067938290835365,0,120,0,11,100.0,42.35000063106418,100.0,446.4200789928436,none,0
vehicle.lincoln.mkz2017,61.26539929186665,0,120,0,11,100.0,27.750000413507223,100.0,201.98023319244385,none,0
vehicle.lincoln.mkz2017,54.91447760482357,0,120,0,11,100.0,53.00000078976154,100.0,371.2445468902588,none,0
vehicle.lincoln.mkz2017,55.9272196240984,0,120,0,11,100.0,29.000000432133675,100.0,193.3081097602844,none,0
vehicle.lincoln.mkz2017,55.25090884695793,0,120,0,11,100.0,21.950000327080488,100.0,224.88417315483093,none,0
vehicle.lincoln.mkz2017,61.59830038671384,0,120,0,11,100.0,46.500000692904,100.0,372.3284947872162,none,0
vehicle.lincoln.mkz2017,55.2693469423156,0,120,0,11,100.0,15.70000023394823,100.0,212.49595761299133,none,0
vehicle.lincoln.mkz2017,60.901017691577785,0,120,0,11,100.0,33.10000049322844,100.0,283.3400704860687,none,0
vehicle.lincoln.mkz2017,55.04141645760018,0,120,0,11,100.0,26.05000038817525,100.0,247.32438778877253,none,0
vehicle.lincoln.mkz2017,54.75607184336737,0,120,0,11,100.0,52.60000078380108,100.0,417.4120354652405,none,0
vehicle.lincoln.mkz2017,61.25325971366519,0,120,0,11,100.0,40.20000059902668,100.0,344.44409465789795,none,0
vehicle.lincoln.mkz2017,60.91089740578979,0,120,0,11,100.0,33.80000050365925,100.0,220.3721513748169,none,0
vehicle.lincoln.mkz2017,55.1791221263788,0,120,0,11,100.0,26.85000040009617,100.0,155.99603462219238,none,0
vehicle.lincoln.mkz2017,56.02666298657788,0,120,0,11,100.0,28.90000043064356,100.0,306.8281345367432,none,0
vehicle.lincoln.mkz2017,61.75131111908178,0,120,0,11,100.0,39.00000058114529,100.0,346.6918933391571,none,0
vehicle.lincoln.mkz2017,55.61009969298386,0,120,0,11,100.0,13.050000194460154,100.0,151.8483452796936,none,0
vehicle.lincoln.mkz2017,56.290417613840575,0,120,0,11,100.0,27.05000040307641,100.0,175.5921106338501,none,0
vehicle.lincoln.mkz2017,60.95337258060778,0,120,0,11,100.0,24.050000358372927,100.0,168.6079671382904,none,0
vehicle.lincoln.mkz2017,61.16392023319401,0,120,0,11,100.0,26.90000040084124,100.0,169.31642508506775,none,0
vehicle.lincoln.mkz2017,55.43311785764707,0,120,0,11,100.0,16.100000239908695,100.0,154.14453101158142,none,0
vehicle.lincoln.mkz2017,55.2446401601069,0,120,0,11,100.0,12.4000001847744,100.0,106.0125286579132,none,0
vehicle.lincoln.mkz2017,55.507802941520346,0,120,0,11,100.0,15.150000225752592,100.0,158.95211148262024,none,0
vehicle.lincoln.mkz2017,61.367142631099526,0,120,0,11,100.0,24.50000036507845,100.0,204.49596977233887,none,0
vehicle.lincoln.mkz2017,55.34447144880457,0,120,0,11,100.0,33.650000501424074,100.0,311.12021946907043,none,0
vehicle.lincoln.mkz2017,55.27290728705631,0,120,0,11,100.0,25.650000382214785,100.0,162.14825248718262,none,0
vehicle.lincoln.mkz2017,55.19927747263407,0,120,0,11,100.0,46.60000069439411,100.0,425.9243166446686,none,0
vehicle.lincoln.mkz2017,56.094386897300026,0,120,0,11,100.0,24.350000362843275,100.0,173.72025632858276,none,0
vehicle.lincoln.mkz2017,61.06920292504007,0,120,0,11,100.0,43.10000064224005,100.0,524.7204627990723,none,0
vehicle.lincoln.mkz2017,82.60001775936934,0,120,0,11,100.0,19.95000029727817,100.0,196.5279541015625,none,0
vehicle.lincoln.mkz2017,83.11998033178662,0,120,0,11,100.0,23.100000344216824,100.0,185.28454899787903,none,0
vehicle.lincoln.mkz2017,83.51000974305987,0,120,0,11,100.0,24.150000359863043,100.0,152.38799905776978,none,0
vehicle.lincoln.mkz2017,82.18000091524995,0,120,0,11,100.0,19.85000029578805,100.0,166.410906791687,none,0
vehicle.lincoln.mkz2017,82.0000009476335,0,120,0,11,100.0,21.7000003233552,100.0,135.70791459083557,none,0
vehicle.lincoln.mkz2017,82.60999853125792,0,120,0,11,100.0,19.650000292807817,100.0,139.3843159675598,none,0
vehicle.lincoln.mkz2017,82.61000234595448,0,120,0,11,100.0,24.95000037178397,100.0,219.1719267368317,none,0
vehicle.lincoln.mkz2017,81.97915120561767,0,120,0,11,100.0,20.000000298023224,100.0,160.50783371925354,none,0
vehicle.lincoln.mkz2017,81.99999331823905,0,120,0,11,100.0,115.30000171810389,100.0,809.6164262294769,none,0
vehicle.lincoln.mkz2017,83.31085709977604,0,120,0,11,100.0,23.300000347197056,100.0,155.70405864715576,none,0
vehicle.lincoln.mkz2017,83.089996226047,0,120,0,11,41.18009489380158,24.850000370293856,24.708056936280947,178.1804220676422,collisions_vehicle,0
vehicle.lincoln.mkz2017,81.99999331823905,0,120,0,11,100.0,21.250000316649675,100.0,151.30856585502625,none,0
vehicle.lincoln.mkz2017,83.30912522726364,0,120,0,11,100.0,21.050000313669443,100.0,204.23221850395203,none,0
vehicle.lincoln.mkz2017,83.089996226047,0,120,0,11,100.0,19.95000029727817,100.0,187.4919366836548,none,0
vehicle.lincoln.mkz2017,82.0000009476335,0,120,0,11,42.03830457960543,28.250000420957804,25.222982747763258,284.8230392932892,collisions_vehicle,0
vehicle.lincoln.mkz2017,83.51000974305987,0,120,0,11,100.0,23.000000342726707,100.0,283.14041662216187,none,0
vehicle.lincoln.mkz2017,82.00000476233072,0,120,0,11,100.0,21.40000031888485,100.0,188.8800537586212,none,0
vehicle.lincoln.mkz2017,82.00997924804688,0,120,0,11,100.0,26.00000038743019,100.0,255.4363670349121,none,0
vehicle.lincoln.mkz2017,82.6000177588627,0,120,0,11,100.0,19.80000029504299,100.0,132.20856189727783,none,0
vehicle.lincoln.mkz2017,81.98086781925831,0,120,0,11,100.0,21.65000032261014,100.0,236.71190476417544,none,0
vehicle.lincoln.mkz2017,82.00997924804688,0,120,0,11,100.0,19.750000294297934,100.0,121.20015811920166,none,0
vehicle.lincoln.mkz2017,83.11998033178662,0,120,0,11,100.0,41.45000061765313,100.0,315.0204529762268,none,0
vehicle.lincoln.mkz2017,82.0000009476335,0,120,0,11,100.0,22.15000033006072,100.0,155.53216218948364,none,0
vehicle.lincoln.mkz2017,82.18000091524995,0,120,0,11,100.0,19.70000029355288,100.0,173.32400822639465,none,0
vehicle.lincoln.mkz2017,61.26539929186665,0,120,0,11,100.0,27.500000409781933,100.0,195.75616455078125,none,0
vehicle.lincoln.mkz2017,60.901017691577785,0,120,0,11,100.0,24.75000036880374,100.0,228.5680027008057,none,0
vehicle.lincoln.mkz2017,61.94757622419835,0,120,0,11,100.0,38.95000058040023,100.0,482.6043219566345,none,0
vehicle.lincoln.mkz2017,60.91089740578979,0,120,0,11,100.0,34.30000051110983,100.0,210.54819107055664,none,0
vehicle.lincoln.mkz2017,60.92802203945554,0,120,0,11,100.0,24.600000366568565,100.0,180.3168306350708,none,0
vehicle.lincoln.mkz2017,61.75131111908178,0,120,0,11,100.0,21.60000032186508,100.0,190.6801633834839,none,0
vehicle.lincoln.mkz2017,61.06920292504007,0,120,0,11,100.0,21.1000003144145,100.0,179.97609734535217,none,0
vehicle.lincoln.mkz2017,61.58523811688995,0,120,0,11,100.0,32.20000047981739,100.0,318.0962598323822,none,0
vehicle.lincoln.mkz2017,61.59830038671384,0,120,0,11,100.0,24.75000036880374,100.0,205.4123342037201,none,0
vehicle.lincoln.mkz2017,61.16392023319401,0,120,0,11,100.0,24.00000035762787,100.0,169.37221121788025,none,0
vehicle.lincoln.mkz2017,60.69758307301105,0,120,0,11,100.0,25.100000374019142,100.0,268.8562085628509,none,0
vehicle.lincoln.mkz2017,60.83781726315381,0,120,0,11,100.0,40.15000059828162,100.0,604.0882427692413,none,0
vehicle.lincoln.mkz2017,60.41447692826555,0,120,0,11,100.0,27.60000041127205,100.0,192.1761257648468,none,0
vehicle.lincoln.mkz2017,61.09374739316211,0,120,0,11,100.0,26.85000040009617,100.0,282.51195764541626,none,0
vehicle.lincoln.mkz2017,61.067938290835365,0,120,0,11,100.0,34.70000051707029,100.0,372.78833985328674,none,0
vehicle.lincoln.mkz2017,60.85623744415566,0,120,0,11,100.0,24.400000363588333,100.0,167.38427877426147,none,0
vehicle.lincoln.mkz2017,60.57136272504224,0,120,0,11,100.0,24.100000359117985,100.0,240.4560923576355,none,0
vehicle.lincoln.mkz2017,60.95337258060778,0,120,0,11,100.0,28.45000042393804,100.0,186.5561134815216,none,0
vehicle.lincoln.mkz2017,61.25325971366519,0,120,0,11,100.0,24.300000362098217,100.0,200.94411730766296,none,0
vehicle.lincoln.mkz2017,61.367142631099526,0,120,0,11,100.0,26.95000040158629,100.0,339.6521830558777,none,0
vehicle.lincoln.mkz2017,61.68555879782448,0,120,0,11,100.0,20.1500003002584,100.0,210.05598425865173,none,0
vehicle.lincoln.mkz2017,60.90306747539447,0,120,0,11,0.0,0.1000000014901161,0.0,0.9800047874450684,collisions_vehicle,0
vehicle.lincoln.mkz2017,60.92792055053716,0,120,0,11,100.0,24.150000359863043,100.0,162.26401662826538,none,0
vehicle.lincoln.mkz2017,61.00178018503786,0,120,0,11,100.0,32.350000482052565,100.0,262.08816409111023,none,0
vehicle.lincoln.mkz2017,55.19927747263407,0,120,0,11,100.0,18.85000028088689,100.0,168.46036553382874,none,0
vehicle.lincoln.mkz2017,55.27290728705631,0,120,0,11,100.0,19.900000296533108,100.0,142.1482172012329,none,0
vehicle.lincoln.mkz2017,55.94493792555948,0,120,0,11,100.0,18.6000002771616,100.0,123.62053108215332,none,0
vehicle.lincoln.mkz2017,55.2693469423156,0,120,0,11,100.0,20.550000306218863,100.0,205.60795664787287,none,0
vehicle.lincoln.mkz2017,55.61009969298386,0,120,0,11,100.0,28.00000041723252,100.0,266.84438157081604,none,0
vehicle.lincoln.mkz2017,56.02666298657788,0,120,0,11,100.0,18.700000278651714,100.0,165.46001982688904,none,0
vehicle.lincoln.mkz2017,55.24653262480497,0,120,0,11,100.0,18.40000027418137,100.0,149.2927725315094,none,0
vehicle.lincoln.mkz2017,55.1791221263788,0,120,0,11,100.0,18.450000274926424,100.0,127.43619656562804,none,0
vehicle.lincoln.mkz2017,54.91447760482357,0,120,0,11,100.0,41.20000061392784,100.0,514.5802216529846,none,0
vehicle.lincoln.mkz2017,55.43311785764707,0,120,0,11,100.0,64.10000095516443,100.0,503.5440893173218,none,0
vehicle.lincoln.mkz2017,55.25090884695793,0,120,0,11,100.0,22.35000033304096,100.0,257.52415919303894,none,0
vehicle.lincoln.mkz2017,55.04141645760018,0,120,0,11,100.0,94.85000141337514,100.0,1250.3399858474731,none,0
vehicle.lincoln.mkz2017,55.34447144880457,0,120,0,11,100.0,36.35000054165721,100.0,396.3322250843048,none,0
vehicle.lincoln.mkz2017,55.9272196240984,0,120,0,11,100.0,20.1500003002584,100.0,159.7280251979828,none,0
vehicle.lincoln.mkz2017,56.094386897300026,0,120,0,11,100.0,18.650000277906656,100.0,178.29236721992493,none,0
vehicle.lincoln.mkz2017,54.75607184336737,0,120,0,11,100.0,20.05000029876828,100.0,214.34458303451527,none,0
vehicle.lincoln.mkz2017,55.71251834771494,0,120,0,11,100.0,18.80000028014183,100.0,287.3273060321808,none,0
vehicle.lincoln.mkz2017,55.507802941520346,0,120,0,11,100.0,21.300000317394733,100.0,190.5354971885681,none,0
vehicle.lincoln.mkz2017,55.2446401601069,0,120,0,11,100.0,18.80000028014183,100.0,192.4723355770111,none,0
vehicle.lincoln.mkz2017,55.41616043336074,0,120,0,11,100.0,19.85000029578805,100.0,240.7195851802826,none,0
vehicle.lincoln.mkz2017,55.295861513545525,0,120,0,11,100.0,20.550000306218863,100.0,202.4322612285614,none,0
vehicle.lincoln.mkz2017,55.41121556217197,0,120,0,11,100.0,19.80000029504299,100.0,160.40004539489746,none,0
vehicle.lincoln.mkz2017,55.59823106089415,0,120,0,11,100.0,54.250000808388,100.0,422.1521835327149,none,0
vehicle.lincoln.mkz2017,56.290417613840575,0,120,0,11,100.0,20.450000304728743,100.0,136.92418837547302,none,0
